FIPS,Qualifying Name,Population Density (Per Sq. Mile),Area (Land),Total Population: Under 5 Years,Total Population: 5 to 9 Years,Total Population: 10 to 14 Years,Total Population: 15 to 17 Years,Total Population: 18 to 24 Years,Total Population: 25 to 34 Years,Total Population: 35 to 44 Years,Total Population: 45 to 54 Years,Total Population: 55 to 64 Years,Total Population: 65 to 74 Years,Total Population: 75 to 84 Years,Total Population: 85 Years and Over,Total Population: White Alone,Total Population: Black or African American Alone,Total Population: American Indian and Alaska Native Alone,Total Population: Asian Alone,Total Population: Native Hawaiian and Other Pacific Islander Alone,Total Population: Some Other Race Alone,Total Population: Two or More Races,Households:,Households: Family Households,Households: Nonfamily Households,Occupied Housing Units: 1-Person Household,Occupied Housing Units: 2-Person Household,Occupied Housing Units: 3-Person Household,Occupied Housing Units: 4-Person Household,Occupied Housing Units: 5-Person Household,Occupied Housing Units: 6-Person Household,Occupied Housing Units: 7-or-More Person Household,Average Household Size,Population 25 Years and Over: Less than High School,Population 25 Years and Over: High School Graduate (Includes Equivalency),Population 25 Years and Over: Some College,Population 25 Years and Over: Bachelor's Degree,Population 25 Years and Over: Master's Degree,Population 25 Years and Over: Professional School Degree,Population 25 Years and Over: Doctorate Degree,Population 3 Years and Over: Enrolled in School,Population 3 Years and Over: Not Enrolled in School,"Civilian Population 16 to 19 Years: Not High School Graduate, Not Enrolled (Dropped Out)","Civilian Population 16 to 19 Years: High School Graduate, or Enrolled (In School)",Civilian Population in Labor Force 16 Years and Over: Employed,Civilian Population in Labor Force 16 Years and Over: Unemployed,White 16 Years Old in Civilian Labor Force: Employed,White 16 Years Old in Civilian Labor Force: Unemployed,Black or African American 16 Years Old in  Civilian Labor Force: Employed,Black or African American 16 Years Old in  Civilian Labor Force: Unemployed,American Indian and Alaska Native 16 Years Old in  Civilian Labor Force: Employed,American Indian and Alaska Native 16 Years Old in  Civilian Labor Force: Unemployed,Asian 16 Years Old in Civilian Labor Force: Employed,Asian 16 Years Old in Civilian Labor Force: Unemployed,Native Hawaiian and Other Pacific Islander 16 Years Old in Civilian Labor Force: Employed,Native Hawaiian and Other Pacific Islander 16 Years Old In Civilian Labor Force: Unemployed,Some Other Race 16 Years Old in Civilian Labor Force: Employed,Some Other Race 16 Years Old in Civilian Labor Force: Unemployed,Two or More Races 16 Years Old in Civilian Labor Force: Employed,Two or More Races 16 Years Old in Civilian Labor Force: Unemployed,Hispanic or Latino 16 Years Old in Civilian Labor Force: Employed,Hispanic or Latino 16 Years Old in Civilian Labor Force: Unemployed,"White Alone, Not Hispanic or Latino 16 Years Old In Civilian Labor Force: Employed","White Alone, Not Hispanic or Latino 16 Years Old In Civilian Labor Force: Unemployed","Employed Civilian Population 16 Years and Over: Agriculture, Forestry, Fishing and Hunting, and Mining",Employed Civilian Population 16 Years and Over: Construction,Employed Civilian Population 16 Years and Over: Manufacturing,Employed Civilian Population 16 Years and Over: Wholesale Trade,Employed Civilian Population 16 Years and Over: Retail Trade,"Employed Civilian Population 16 Years and Over: Transportation and Warehousing, and Utilities",Employed Civilian Population 16 Years and Over: Information,"Employed Civilian Population 16 Years and Over: Finance and Insurance, and Real Estate and Rental  and Leasing","Employed Civilian Population 16 Years and Over: Professional, Scientific, and Management, and  Administrative and Waste Management Services","Employed Civilian Population 16 Years and Over: Educational Services, and Health Care and Social  Assistance","Employed Civilian Population 16 Years and Over: Arts, Entertainment, and Recreation, and  Accommodation and Food Services","Employed Civilian Population 16 Years and Over: Other Services, Except Public Administration",Employed Civilian Population 16 Years and Over: Public Administration,"Employed Civilian Population 16 Years and Over: Management, Business, and Financial Operations  Occupations",Employed Civilian Population 16 Years and Over: Professional and Related Occupations,Employed Civilian Population 16 Years and Over: Healthcare Support Occupations,Employed Civilian Population 16 Years and Over: Protective Service Occupations,Employed Civilian Population 16 Years and Over: Food Preparation and Serving Related Occupations,Employed Civilian Population 16 Years and Over: Building and Grounds Cleaning and Maintenance  Occupations,Employed Civilian Population 16 Years and Over: Personal Care and Service Occupations,Employed Civilian Population 16 Years and Over: Sales and Related Occupations,Employed Civilian Population 16 Years and Over: Office and Administrative Support Occupations,"Employed Civilian Population 16 Years and Over: Farming, Fishing, and Forestry Occupations","Employed Civilian Population 16 Years and Over: Construction, Extraction, and Maintenance  Occupations",Employed Civilian Population 16 Years and Over: Production Occupations,Employed Civilian Population 16 Years and Over: Transportation and Material Moving Occupations,Employed Civilian Population 16 Years and Over: Private Sector,Employed Civilian Population 16 Years and Over: Public Sector,Employed Civilian Population 16 Years and Over: Self-Employed (Incorporated and Not Incorporated),Employed Civilian Population 16 Years and Over: Private Non-Profit,Employed Civilian Population 16 Years and Over: Unpaid Family Workers,Households:,"Households: Less than $10,000","Households: $10,000 to $14,999","Households: $15,000 to $19,999","Households: $20,000 to $24,999","Households: $25,000 to $29,999","Households: $30,000 to $34,999","Households: $35,000 to $39,999","Households: $40,000 to $44,999","Households: $45,000 to $49,999","Households: $50,000 to $59,999","Households: $60,000 to $74,999","Households: $75,000 to $99,999","Households: $100,000 to $124,999","Households: $125,000 to $149,999","Households: $150,000 to $199,999","Households: $200,000 or More",Households: with Earnings,Households: No Earnings,Households: with Wage or Salary Income,Households: No Wage or Salary Income,Households: with Self-Employment Income,Households: No Self-Employment Income,"Households: with Interest, Dividends, or Net Rental Income","Households: No Interest, Dividends, or Net Rental Income",Households: with Social Security Income,Households: No Social Security Income,Households: with Supplemental Security Income (Ssi),Households: No Supplemental Security Income (Ssi),Households: with Public Assistance Income,Households: No Public Assistance Income,Households: with Retirement Income,Households: No Retirement Income,Households: with Other Types of Income,Households: No Other Types of Income,Population Under 18 Years of Age for Whom Poverty Status Is Determined: Living in Poverty,Population Under 18 Years of Age for Whom Poverty Status Is Determined: At or Above Poverty Level,Population Age 18 to 64 for Whom Poverty Status Is Determined: Living in Poverty,Population Age 18 to 64 for Whom Poverty Status Is Determined: At or Above Poverty Level,Population Age 65 and Over for Whom Poverty Status Is Determined: Living in Poverty,Population Age 65 and Over for Whom Poverty  Status Is Determined: At or Above Poverty Level,White Alone Population for Whom Poverty Status Is  Determined: Income Below Poverty Level,White Alone Population for Whom Poverty Status Is  Determined: Income At or Above Poverty Level,Black or African American Alone Population for  Whom&nbsp; Poverty Status Is Determined: Income Below Poverty Level,Black or African American Alone Population for  Whom&nbsp; Poverty Status Is Determined: Income At or Above Poverty Level,American Indian and Alaska Native Alone Population For Whom Poverty Status Is Determined: Income Below Poverty Level,American Indian and Alaska Native Alone Population For Whom Poverty Status Is Determined: Income At or Above Poverty Level,Asian Alone Population for Whom Poverty Status Is Determined: Income Below Poverty Level,Asian Alone Population for Whom Poverty Status Is Determined: Income At or Above Poverty Level,Native Hawaiian and Other Pacific Islander Alone Population for Whom Poverty Status Is Determined: Income Below Poverty Level,Native Hawaiian and Other Pacific Islander Alone Population for Whom Poverty Status Is Determined: Income At or Above Poverty Level,Some Other Race Alone Population for Whom Poverty Status Is Determined: Income Below Poverty Level,Some Other Race Alone Population for Whom Poverty Status Is Determined: Income At or Above Poverty Level,Two or More Races Population for Whom Poverty Status Is Determined: Income Below Poverty Level,Two or More Races Population for Whom Poverty Status Is Determined: Income At or Above Poverty Level,Hispanic or Latino Population for Whom Poverty Status Is Determined: Income Below Poverty Level,Hispanic or Latino Population for Whom Poverty Status Is Determined: Income At or Above Poverty Level,"White Alone, Not Hispanic or Latino Population  for Whom Poverty Status Is Determined: Income Below Poverty Level","White Alone, Not Hispanic or Latino Population  for Whom Poverty Status Is Determined: Income At or Above Poverty Level","Workers 16 Years and Over: Car, Truck, or Van",Workers 16 Years and Over: Drove Alone,Workers 16 Years and Over: Carpooled,Workers 16 Years and Over: Public Transportation (Includes Taxicab),Workers 16 Years and Over: Motorcycle,Workers 16 Years and Over: Bicycle,Workers 16 Years and Over: Walked,Workers 16 Years and Over: Other Means,Workers 16 Years and Over: Worked At Home,Workers 16 Years and Over: Did Not Work At Home,Average Commute to Work (In Min),Civilian Veterans 18 Years and Over: Gulf War 2001 or Later Only,Civilian Veterans 18 Years and Over: Gulf War 1990 to 2001 Only,Civilian Veterans 18 Years and Over: Vietnam Era Only,Civilian Veterans 18 Years and Over: Korean War Only,Civilian Veterans 18 Years and Over: World War Ii Only,Civilian Veterans 18 Years and Over: Served in Multiple Wars,Civilian Veterans 18 Years and Over: Other Service,Total: No Health Insurance Coverage,Total: with Health Insurance Coverage,Total: with Health Insurance Coverage: Public Health Coverage,Total: with Health Insurance Coverage: Private Health Insurance
Geo_FIPS,Geo_QName,SE_A00002_002,SE_A00002_003,SE_A01001_002,SE_A01001_003,SE_A01001_004,SE_A01001_005,SE_A01001_006,SE_A01001_007,SE_A01001_008,SE_A01001_009,SE_A01001_010,SE_A01001_011,SE_A01001_012,SE_A01001_013,SE_A03001_002,SE_A03001_003,SE_A03001_004,SE_A03001_005,SE_A03001_006,SE_A03001_007,SE_A03001_008,SE_A10008_001,SE_A10008_002,SE_A10008_007,SE_A10024_002,SE_A10024_003,SE_A10024_004,SE_A10024_005,SE_A10024_006,SE_A10024_007,SE_A10024_008,SE_A10003_001,SE_A12001_002,SE_A12001_003,SE_A12001_004,SE_A12001_005,SE_A12001_006,SE_A12001_007,SE_A12001_008,SE_A12004_002,SE_A12004_003,SE_A12003_002,SE_A12003_003,SE_A17005_002,SE_A17005_003,SE_A17006A_002,SE_A17006A_003,SE_A17006B_002,SE_A17006B_003,SE_A17006C_002,SE_A17006C_003,SE_A17006D_002,SE_A17006D_003,SE_A17006E_002,SE_A17006E_003,SE_A17006F_002,SE_A17006F_003,SE_A17006G_002,SE_A17006G_003,SE_A17006H_002,SE_A17006H_003,SE_A17006I_002,SE_A17006I_003,SE_A17004_002,SE_A17004_003,SE_A17004_004,SE_A17004_005,SE_A17004_006,SE_A17004_007,SE_A17004_008,SE_A17004_009,SE_A17004_010,SE_A17004_011,SE_A17004_012,SE_A17004_013,SE_A17004_014,SE_B17008_002,SE_B17008_003,SE_B17008_004,SE_B17008_005,SE_B17008_006,SE_B17008_007,SE_B17008_008,SE_B17008_009,SE_B17008_010,SE_B17008_011,SE_B17008_012,SE_B17008_013,SE_B17008_014,SE_A17009_002,SE_A17009_003,SE_A17009_004,SE_A17009_005,SE_A17009_006,SE_A14001_001,SE_A14001_002,SE_A14001_003,SE_A14001_004,SE_A14001_005,SE_A14001_006,SE_A14001_007,SE_A14001_008,SE_A14001_009,SE_A14001_010,SE_A14001_011,SE_A14001_012,SE_A14001_013,SE_A14001_014,SE_A14001_015,SE_A14001_016,SE_A14001_017,SE_A10011_002,SE_A10011_003,SE_A10019_002,SE_A10019_003,SE_A10016_002,SE_A10016_003,SE_A10012_002,SE_A10012_003,SE_A10017_002,SE_A10017_003,SE_A10018_002,SE_A10018_003,SE_A10014_002,SE_A10014_003,SE_A10015_002,SE_A10015_003,SE_A10013_002,SE_A10013_003,SE_A13003A_002,SE_A13003A_003,SE_A13003B_002,SE_A13003B_003,SE_A13003C_002,SE_A13003C_003,SE_A13001A_002,SE_A13001A_003,SE_A13001B_002,SE_A13001B_003,SE_A13001C_002,SE_A13001C_003,SE_A13001D_002,SE_A13001D_003,SE_A13001E_002,SE_A13001E_003,SE_A13001F_002,SE_A13001F_003,SE_A13001G_002,SE_A13001G_003,SE_A13001H_002,SE_A13001H_003,SE_A13001I_002,SE_A13001I_003,SE_A09005_002,SE_A09005_009,SE_A09005_010,SE_A09005_003,SE_A09005_004,SE_A09005_005,SE_A09005_006,SE_A09005_007,SE_A09005_008,SE_A09001_002,SE_A09003_001,SE_A16001_002,SE_A16001_003,SE_A16001_004,SE_A16001_005,SE_A16001_006,SE_A16001_007,SE_A16001_008,SE_A20001_002,SE_A20001_003,SE_A20001_004,SE_A20001_005
1,Alabama,96.27983,50646.64207,293187,301064,310456,191669,458997,637947,596388,632659,649002,476681,243851,84349,3320247,1299048,25565,66270,2238,70662,92220,1867893,1227508,640385,556409,656035,294478,221453,92558,32039,14921,2.55,458922,1022839,993344,529178,230528,50270,35796,1175774,3529122,9872,248215,2097384,132095,1469864,69942,526508,55060,10723,905,32848,934,858,217,28379,1601,28204,3436,82959,4240,1419937,67755,29183,138532,300609,53215,242175,114405,31872,115842,202801,472143,177450,105650,113507,273803,458938,56341,45334,111964,78448,50849,217985,235849,9565,190426,187446,180436,1457975,322667,174070,139237,3435,1867893,157643,110545,111444,103556,96082,98775,87290,85886,74277,149177,177008,219020,147137,87049,86926,76078,1345050,522843,1298360,569533,154964,1712929,297562,1570331,672264,1195629,125575,1742318,29346,1838547,421975,1445918,207892,1660001,258068,821705,458150,2430999,79771,705595,400779,2850515,338102,913691,4210,20650,8623,56305,545,1629,23824,45567,19906,69942,60908,142896,367611,2761637,1953288,1776620,176668,7875,2080,2041,23376,15247,69165,2003907,25,41824,44852,107103,19622,5911,40746,70149,457826,4339389,1768628,3236113
2,Alaska,1.290799,571016.9533,53237,52810,49269,29078,72088,119324,93384,90697,94598,56287,19809,6487,476015,24205,109751,45920,9204,11308,60665,253346,166325,87021,66215,84527,40062,31946,16740,7317,6539,2.8,34376,134582,169609,88058,37958,10373,5630,183894,521745,1350,35283,347774,26808,242827,13328,12135,604,36393,8421,25105,1073,4177,399,6085,422,21052,2561,22714,1547,229462,12566,16454,23403,13160,6361,38118,28984,7260,12261,28879,85092,31793,15463,40546,49334,81424,11805,8750,18620,12184,9538,28574,42923,4106,36845,13905,29766,191652,87533,32904,34721,964,253346,10346,7294,8277,8110,8163,9315,8579,9041,8697,17779,26871,35417,29359,19909,24280,21909,213597,39749,205132,48214,35138,218208,111765,141581,57684,195662,11928,241418,16093,237253,51699,201647,110530,142816,26771,153727,45361,412376,4801,76340,33623,432780,3204,19394,25475,80742,4858,40523,1845,7093,1103,9835,6825,52076,5405,44622,30793,407378,288451,244771,43680,6039,365,3341,27220,13958,17026,339374,19,14494,9989,17249,1751,500,10165,11038,97156,615200,232264,464397
4,Arizona,62.03347,113653.1463,433968,450570,471732,279074,682423,964947,866788,847362,846687,700520,375282,130946,5444453,317462,317414,233213,14458,460262,263037,2571268,1679198,892070,702670,913200,360590,307920,162355,72152,52381,2.68,608637,1129129,1600240,869452,378467,86371,60236,1765901,5033816,21147,359097,3130658,195905,2443672,135663,145898,13512,108083,16416,118572,4768,6761,441,216548,15356,91124,9749,961311,67599,1756150,89537,42821,217151,219666,71731,378535,166136,56563,263102,388642,683683,341388,150131,151109,475160,669002,100645,79175,195109,138408,90951,342727,411522,18480,264785,124609,220085,2188316,424053,308832,203686,5771,2571268,164533,101661,114050,121789,119219,125548,119439,119201,109130,211504,265656,331692,224260,143662,148192,151732,1921676,649592,1843577,727691,265174,2306094,513957,2057311,869562,1701706,113443,2457825,43651,2527617,562036,2009232,264071,2307197,345435,1262453,591506,3496750,106823,1088257,702590,4633771,61524,240950,101492,206817,27754,201276,2182,11152,103819,342625,44403,210869,465270,1691503,376610,3406032,2700136,2363506,336630,61372,11754,25930,59158,34873,200947,2893223,26,57192,57141,166626,35851,13755,47800,109696,723547,6217481,2686086,4381819
5,Arkansas,57.63859,52037.52992,189636,196874,197804,119954,283463,391817,368457,371811,380776,290373,151782,56623,2301044,459542,20434,45504,8733,83576,80537,1158071,765440,392631,331238,411186,179505,135384,64399,23728,12631,2.52,270168,684659,593576,297250,119000,27707,19279,733114,2153465,6973,153823,1303490,70481,1023611,46487,182270,18033,7991,502,23881,574,3657,252,37105,2122,24975,2511,96629,4506,966877,44510,36635,86816,178324,31705,172638,74808,19541,61690,98757,318671,104600,61304,58001,167489,271403,42544,25593,71586,50920,29639,135190,145835,15481,117901,114132,115777,884106,198860,120960,96630,2934,1158071,90121,69997,70570,71413,67029,67177,59407,57376,51198,96374,112903,129299,82758,47954,43266,41229,844471,313600,811960,346111,110139,1047932,187518,970553,416967,741104,77025,1081046,20963,1137108,226248,931823,119628,1038443,163674,527477,283085,1454192,49501,433025,314927,1924705,128197,309097,4468,15314,5395,39253,2321,6263,22637,59526,18315,60536,56288,163873,285911,1827220,1200747,1066828,133919,5296,1868,2072,22782,10548,44461,1243313,22,25436,25849,67687,12161,5256,18838,41911,250631,2694603,1273752,1804224
6,California,252.0531,155854.0345,2451528,2468226,2575463,1526929,3789808,5967864,5205887,5101422,4710329,3172271,1600241,713529,23453222,2274108,303998,5692423,155290,5481792,1922664,13044266,8958436,4085830,3106104,3967889,2177312,1988891,1021711,445130,337229,2.95,4418675,5423462,7648680,5603047,2294771,645797,437111,10423307,27430588,54621,2006938,18591241,1199233,11174413,673722,983577,114005,127600,13789,2898994,139750,76540,5503,2612417,190835,717700,61629,6928288,513650,7228309,386398,415545,1175234,1692820,525711,1950499,993917,539809,1116974,2546055,3904118,1936179,969511,824869,2966560,4330959,664761,378309,1064837,761958,563492,1901947,2046239,286022,1389303,894384,1342470,12673756,2524062,2146732,1213552,33139,13044266,628526,534197,472128,503776,478612,500633,463380,467261,432570,864047,1158771,1620466,1264447,904574,1164827,1586051,10524799,2519467,9997572,3046694,1851239,11193027,2893599,10150667,3616722,9427544,791896,12252370,421752,12622514,2258339,10785927,1312093,11732173,1610923,7275254,2987600,21271818,551219,4839112,2814013,20229521,446672,1728719,57434,237654,572101,5036572,20156,131340,1006009,4378423,233357,1643955,2660658,12400086,1304435,13036862,15252673,13411041,1841632,958126,58407,173081,476291,199011,1073966,17117589,30,216813,173841,522256,123384,57947,132601,347689,2915070,35872267,14726131,24742908
8,Colorado,54.13435,103637.4975,334032,353262,360944,212767,523765,871500,764183,713520,702670,478345,210726,84635,4712574,233647,54847,178147,8643,216767,205724,2148994,1369378,779616,588453,768911,321275,275828,122042,46182,26303,2.56,315751,817452,1127242,981017,428252,90525,65340,1395735,4017406,11827,273925,2904589,131371,2477768,104559,111968,8332,25368,2230,94433,3279,4257,279,108958,6987,81837,5705,556547,32081,2068202,82406,66918,235105,195827,70707,310500,135007,81505,201457,412752,610047,305462,144132,135170,533420,708891,75852,59792,169482,99897,82497,302258,317560,15622,251164,107071,181083,1953603,390080,328084,226512,6310,2148994,102212,69727,70960,79368,77171,85230,85331,84969,79183,160762,213806,297180,224174,153853,176634,188434,1761654,387340,1698102,450892,287631,1861363,517136,1631858,546815,1602179,73923,2075071,42438,2106556,389151,1759843,231094,1917900,156239,1087411,353327,3133982,56307,701867,434274,4181268,39451,183313,10091,41781,19015,155812,1096,7243,34367,179758,27579,174085,191702,988744,293483,3450650,2415964,2165547,250417,89955,4956,32754,81742,22750,238118,2648121,26,57253,51905,114180,18732,8338,48557,74830,420782,5095555,1779763,3901917
9,Connecticut,738.242,4842.685677,183808,198000,221325,140700,348146,441742,424739,508428,507133,336422,174887,89744,2714031,383416,9955,161257,1123,186292,119000,1370746,893438,477308,390361,464870,224973,183477,73650,22557,10858,2.53,232663,666828,608139,541380,315473,76404,42208,898354,2569799,4782,192494,1815636,116456,1412028,74508,183893,21372,4283,564,85291,4676,624,72,87444,10238,42073,5026,260509,27173,1261901,61109,7057,109467,189162,44344,191756,76439,39585,162153,208379,484166,152041,84915,66172,324150,468534,68744,35235,87456,69907,59526,185973,199229,2646,128797,85693,99746,1225295,233930,176582,176771,3058,1370746,68150,48364,46483,51159,47475,47511,47948,47775,46603,89870,117606,171667,135477,101796,129559,173303,1080309,290437,1040618,330128,162830,1207916,360499,1010247,431210,939536,63967,1306779,49318,1321428,279608,1091138,151317,1219429,97721,636656,204356,1950781,42069,538504,200670,2441040,65664,300987,1629,7926,12398,143870,116,943,45567,134472,18102,96703,123431,437058,137123,2187722,1539670,1397871,141799,86407,1273,4837,48323,12116,93966,1692626,27,16884,14346,57540,17416,9327,10200,41808,187937,3336643,1238857,2521534
10,Delaware,491.2715,1948.51102,54830,53774,60206,34874,84244,127618,110598,124254,132676,104186,51561,18427,658237,212302,3729,37009,542,18350,27079,363322,240038,123284,99990,133462,55886,44543,18741,6741,3959,2.57,66816,209449,178917,124632,64883,12849,11774,228567,696669,2149,46333,455620,26481,318176,15686,98715,8665,2012,122,19299,758,200,11,8275,489,8943,750,38703,2326,291464,14015,5223,31527,36722,9345,53583,23112,6421,43214,46103,112795,42964,19500,25111,73218,110281,13624,11299,25641,16671,13537,44985,54024,2425,37974,19997,31944,312041,67199,37436,38353,591,363322,19136,12812,12444,14882,14598,16498,14747,14089,14353,27378,37071,52342,35907,24133,27359,25573,277343,85979,269823,93499,29544,333778,81003,282319,127066,236256,17204,346118,8141,355181,95854,267468,35941,327381,34955,164300,63156,498211,11289,158853,57657,585377,37776,164867,681,2999,3976,32550,69,457,4005,13911,5236,21203,18541,67560,45071,537698,401984,364263,37721,11670,480,1357,9535,2737,22545,427763,26,6202,7472,23139,4304,1740,7016,15565,53946,888273,358213,677742
11,District of Columbia,11330.28,61.13556665,45040,34261,28945,15684,74637,161872,102301,76123,70150,48154,24338,11178,285857,320811,2091,27592,376,34511,21445,284386,123683,160703,125389,88324,33407,22340,9034,3596,2296,2.3,44850,83185,76822,122380,104526,41447,20906,168553,496934,578,31552,376871,27967,195964,5512,132025,20050,890,86,18692,566,336,18,18262,946,10702,789,42566,1894,176605,4779,565,10355,4795,1841,17217,11608,13858,24717,88879,69780,36986,34638,61632,103559,136297,5901,9075,17928,11925,9921,22298,34585,193,9877,2581,12731,184164,91755,27521,73010,421,284386,24456,12304,9470,7695,9001,7840,7232,7182,7492,14435,20259,30240,26622,20085,28096,51977,229920,54466,223802,60584,29846,254540,71004,213382,55299,229087,15062,269324,10176,274210,42079,242307,18954,265432,29328,92888,66005,390277,11807,69371,16824,252339,79190,229715,496,1474,3132,21985,9,346,5371,28383,2118,18294,8776,64059,14051,224773,144772,125308,19464,133343,614,16727,49976,3662,24750,349094,31,4846,3188,6268,1981,906,2904,6063,25179,657549,243292,480363
12,Florida,389.6079,53647.87899,1128214,1132263,1197885,724100,1753429,2716853,2525283,2742034,2776147,2321394,1339375,544659,15702256,3359031,59320,571276,12653,625079,572021,7736311,4996650,2739661,2213645,2870052,1173134,881778,381693,141777,74232,2.65,1767583,4276237,4450224,2827938,1138820,328745,176198,4758186,15478643,43029,921742,9495353,561448,7170686,360504,1487313,149311,26125,2055,283776,12912,6251,350,314555,19443,206647,16873,2601526,141631,5000679,247492,92995,721621,480934,250829,1206140,532646,169445,738389,1245305,1994422,1162995,498858,400774,1436154,1941005,282046,234394,632657,463418,284742,1165166,1170104,56375,831658,314612,683022,6673096,1093978,1115871,594638,17770,7736311,501668,336220,373897,395566,389849,403533,374840,369767,333959,636409,780637,956629,630460,383876,406699,462302,5601599,2134712,5375414,2360897,756991,6979320,1640833,6095478,2896436,4839875,389971,7346340,160809,7575502,1654881,6081430,756733,6979578,829342,3286536,1612308,10616325,428837,3707904,1872126,13559620,713319,2525579,9493,47860,66795,497382,2213,10233,117976,498866,88565,471225,935162,4339918,1108233,9943457,8285775,7420475,865300,191414,24068,56816,134920,111706,578412,8804699,28,149402,164489,467098,117813,52974,154578,333984,2637268,17951164,7610126,12900284
13,Georgia,180.2583,57716.32971,656677,690084,724774,433705,1010328,1440774,1374134,1407128,1259758,867295,403369,135821,6098889,3289020,37440,414481,6233,291872,265912,3758798,2524982,1233816,1020757,1243550,623374,505820,227722,87224,50351,2.7,885498,1909067,1936098,1324801,590536,149171,93108,2749494,7271588,26646,556950,4834622,290560,2902691,128405,1484724,139700,15880,1292,209983,7625,2807,197,132022,5737,86515,7604,440612,20026,2627375,116794,51378,322629,516354,135693,554257,319046,113365,300552,595308,1002203,454119,234783,234935,766883,1052122,109160,106471,271840,180341,120586,524492,549920,25419,409157,301260,416971,3388891,691017,461489,285361,7864,3758798,256027,167485,174868,180334,178396,181342,165233,165385,154356,289741,375873,473216,325385,208013,219647,243497,2969138,789660,2870753,888045,372869,3385929,603134,3155664,1092374,2666424,201033,3557765,56805,3701993,690820,3067978,371648,3387150,531056,1937670,857405,5427554,140097,1236553,672464,5294856,682103,2490257,8993,27398,41679,363429,1562,4509,73518,211587,48239,209741,222438,746920,542642,4823843,4248085,3787591,460494,114935,5131,10563,71329,52394,278764,4502437,29,86251,103866,185796,29553,10850,75019,137967,1351097,8862562,3165921,6762872
15,Hawaii,221.4263,6422.426099,88842,84852,83615,47329,124451,204307,178976,174021,182095,143921,71174,38511,354847,26025,3710,537355,142997,17433,339727,459424,319348,140076,111372,147455,74889,59424,32321,15929,18034,3,79721,271648,314170,215777,74614,22900,14175,325063,1044130,2110,59964,680258,30269,164967,7968,10356,1065,1561,80,287145,7541,63098,5084,8378,463,144753,8068,58648,3722,147563,6922,9737,50668,20229,15281,77536,40110,10154,45334,69940,140425,111164,30106,59574,94770,141152,18191,21502,56370,40502,21692,74658,82690,5321,58733,19275,45402,418362,136320,72443,51804,1329,459424,23833,12787,13409,13649,13672,15930,14488,16759,13915,30521,43068,64715,51859,37678,45592,47549,369066,90358,353619,105805,62283,397141,132959,326465,165877,293547,19227,440197,13532,445892,116269,343155,48418,411006,35585,263034,74874,761343,20190,229158,32169,307547,2207,21270,792,2659,32381,496758,28117,111103,1451,14603,33532,299595,19605,124148,26908,272496,573951,475427,98524,44207,4145,5394,31920,11293,33940,670910,27,19724,8821,31197,5739,3008,14353,19133,52746,1316593,476207,1052427
16,Idaho,20.78465,82645.13137,114361,124020,127418,75348,161047,224974,214214,200024,211455,160197,76577,28115,1545409,11918,23136,24287,2755,59676,50569,630008,425705,204303,165662,227976,87329,73084,43441,19918,12598,2.68,102929,305181,399909,207179,69784,16921,13653,451807,1199559,4053,92913,792237,35879,716611,31145,4804,448,9475,960,12042,379,1178,153,29979,1292,18148,1502,95712,5144,657137,27681,39590,61463,76960,21662,95988,38776,12629,41120,77470,177544,73964,35889,39182,110643,166151,27023,14547,46564,29832,20794,82073,93802,19879,74202,44562,62165,520922,115250,94266,59749,2050,630008,35930,27455,30236,31435,30350,34295,31412,30467,28208,56425,71145,81513,55916,30920,28976,25325,486371,143637,464339,165669,84101,545907,131361,498647,202504,427504,30154,599854,17807,612201,128813,501195,77254,552754,68640,366042,130315,860687,22301,238300,186762,1331208,3386,7782,5510,16640,4111,19725,771,1863,12062,46917,8654,40894,43616,166838,159451,1224791,691136,613669,77467,6245,1855,6642,20956,6187,48649,733021,21,13835,14915,41008,7779,3170,10674,24776,179079,1516989,552416,1187509
17,Illinois,230.0446,55513.71527,767193,788135,830433,505765,1192806,1770290,1644531,1672220,1656724,1113365,574441,254728,9134903,1813590,33460,698524,4477,757231,328446,4846134,3109762,1736372,1436641,1580010,732569,628405,299113,108912,60484,2.57,937042,2254524,2484708,1831438,862440,199455,116692,3228360,9091563,23288,645047,6250862,394981,4641819,219482,737482,121318,15623,1543,364712,16067,2487,136,371754,24945,116985,11490,1027468,70207,4034102,179431,65484,333807,749476,187923,663163,409516,113822,453306,743209,1441934,566907,292957,229358,1017959,1404034,199240,136631,341616,215039,180746,641691,724348,19927,431452,399686,538493,4423055,741931,514362,560780,10734,4846134,302966,185043,202275,214860,199555,205949,193652,196109,173996,350877,458466,622330,464761,313318,360394,401583,3795821,1050313,3689482,1156652,452682,4393452,1052668,3793466,1408737,3437397,225657,4620477,109539,4736595,922213,3923921,418099,4428035,488516,2363535,906274,6838774,163083,1714660,841977,8102031,453271,1283299,5327,27151,74314,610732,547,3789,131250,620329,51187,269638,345198,1805394,647632,7018348,4972358,4487622,484736,599410,4938,39242,182930,48874,304213,5847752,29,62187,65185,200037,48348,21958,35517,137032,859612,11731871,4254404,8857221
18,Indiana,186.0554,35826.43886,418685,432282,448714,272810,662719,866437,820001,852467,868000,597215,300064,126309,5553391,626587,15782,151979,2506,145747,169711,2570419,1663199,907220,745340,896257,381176,316736,147190,52844,30876,2.52,495390,1480084,1282863,749078,311229,64915,46934,1668419,4749871,19189,348870,3202509,161351,2735431,117374,264096,31697,7659,447,73853,3161,1252,134,66279,3680,53939,4858,199799,11958,2611955,110236,41008,193097,605886,81188,350468,175514,47309,167414,268775,736272,279417,146581,109580,438681,657684,92827,55611,186506,112981,78794,303884,362857,13904,268215,335561,295004,2329329,339686,236750,291463,5281,2570419,156214,110585,124421,128386,127126,136263,123768,124246,110151,217387,272913,343893,225581,134083,126397,109005,1997864,572555,1943771,626648,232519,2337900,465941,2104478,818234,1752185,131585,2438834,41964,2528455,525318,2045101,267319,2303100,284058,1253151,508695,3427898,75243,912344,605867,4790731,161212,437548,2551,12447,26340,116795,339,2060,35338,107378,36349,126434,100682,348894,548077,4574218,2879554,2599677,279877,34137,3369,12867,67673,24338,124527,3021938,24,43728,48760,129559,27206,12294,22044,97099,551909,6014666,2175634,4636748
19,Iowa,56.20947,55853.71964,196427,203492,206175,122643,317986,395064,375627,380420,416152,290141,158199,77182,2826070,116359,11976,75741,3729,39048,66585,1265473,802826,462647,371006,466898,170258,147756,71916,25237,12402,2.4,165514,648398,681042,403801,135213,34033,24784,797393,2225241,6377,166549,1613902,62573,1475214,51021,51043,6040,5309,391,38978,1956,1667,142,20163,1246,21528,1777,84865,5698,1414888,46980,60131,103928,240510,45805,186537,78935,25498,123750,118156,393873,119270,68012,49497,244818,340195,51151,21882,87924,53598,48313,152010,181308,19251,134657,136436,142359,1096908,216782,156000,140905,3307,1265473,66420,52441,57678,57736,56912,62253,55532,59799,53574,105150,137854,181100,122120,71996,66951,57957,996642,268831,961489,303984,161472,1104001,298642,966831,395366,870107,53295,1212178,24669,1240804,234050,1031423,141115,1124358,98650,616620,213572,1608665,35900,466777,275643,2465246,34517,73851,2803,8642,11910,62035,1135,2499,8039,30130,14075,49659,37928,144768,248882,2360267,1419323,1287488,131835,18365,2264,7226,51588,10882,77674,1509648,19,19659,20247,66204,17898,7409,11937,42317,144607,2951518,1071155,2329732
20,Kansas,35.60062,81758.47452,191113,199946,200771,119240,297303,382955,353313,345213,371471,254325,132595,62407,2455935,170291,24010,85794,2382,71683,100557,1129227,731014,398213,328600,395093,159629,138230,68369,25848,13458,2.51,172126,492807,602276,400938,173172,37218,23742,772562,2026454,5976,155092,1440453,61002,1237200,46930,76787,6504,10791,916,44713,1580,1186,73,35775,2217,34001,2782,155133,9413,1126680,40523,45189,92354,178869,39836,153030,71990,27550,88243,138475,356141,119400,64674,64702,220656,335678,44731,25791,77195,52330,38454,135200,163066,12822,124403,101379,108748,964041,224014,133820,115605,2973,1129227,62968,46693,50380,51267,53203,56487,53697,53159,48298,91858,120111,150834,104341,62508,64078,59345,895797,233430,865077,264150,137029,992198,254978,874249,343296,785931,47339,1081888,17552,1111675,212652,916575,117473,1011754,104280,594856,201013,1495136,32446,398325,248308,2142920,39323,120239,4409,17936,11847,71977,329,1966,14501,56112,19022,77167,64909,271842,203452,1947037,1310367,1181623,128744,7794,2231,4976,33249,10428,66393,1369045,19,24714,20691,58596,13566,5623,17887,35367,251030,2600061,829218,2138409
21,Kentucky,112.6588,39491.38584,274592,275466,287352,171896,420653,577567,553430,584789,593169,424404,209419,76315,3868479,358928,9386,65191,3182,43601,100285,1734618,1135835,598783,496130,610074,277243,210311,91861,32063,16936,2.49,414784,993098,880129,428846,216508,55258,30470,1054000,3233917,9878,222585,1978477,116945,1733662,93801,159485,16649,3645,396,32447,1061,1418,75,20090,1399,27730,3564,70286,4122,1686928,91344,41661,118003,285711,47893,234087,123446,30921,108992,165983,475576,172772,89209,84223,261329,421227,56609,38436,110529,69376,50214,193247,231490,12473,167469,180837,185241,1379944,281576,160746,152345,3866,1734618,144526,100269,97230,95205,89829,92381,84457,81588,72837,137816,169846,209367,135761,81095,74722,67689,1263695,470923,1220233,514385,164131,1570487,283715,1450903,611113,1123505,131796,1602822,31776,1702842,372394,1362224,191969,1542649,231275,753963,440439,2196483,75296,612045,602522,3155755,94283,244382,2256,6638,9106,54812,540,2475,12896,28499,25407,69930,41964,114681,577810,3077153,1784850,1601303,183547,21195,1665,3759,42065,20966,74684,1874500,24,30946,35025,92437,16053,6626,23570,62937,248714,4117796,1861843,2835843
22,Louisiana,107.9601,43204.48872,307435,304505,308857,182553,435859,669213,581554,574271,602097,416721,205263,76034,2892275,1502963,26361,80806,1406,65592,94959,1739497,1113121,626376,527791,581230,282403,206461,92149,32683,16780,2.61,461706,1061388,848474,490514,180464,53075,29532,1154067,3330462,12869,226586,2033758,141020,1333020,67339,591888,65807,11112,852,39970,1524,453,52,29049,1980,28266,3466,104862,6920,1263595,62988,76852,166104,156006,51141,233775,112322,30969,104435,188473,486513,217300,101430,108438,255612,438752,68848,53986,130103,80615,56702,216255,230871,12016,221643,110906,157449,1404118,302812,195563,127934,3331,1739497,166483,103200,106363,103171,93703,87332,76659,73122,66797,128090,152180,194770,133916,85313,87590,80808,1296622,442875,1245387,494110,161136,1578361,265032,1474465,545115,1194382,123960,1615537,30406,1709091,321800,1417697,155909,1583588,295682,791677,489422,2278762,86363,590808,362541,2467969,452290,988888,5873,19853,11780,67516,271,1089,17288,45134,21424,70798,54933,175683,328045,2350613,1847379,1663698,183681,26827,2109,10179,37270,23106,66185,1946870,26,32368,35010,80068,14838,6050,23153,51848,431416,4127478,1869189,2767380
23,Maine,43.29715,30844.80048,64035,69457,72774,46232,108877,158195,152485,185468,210401,158281,75244,34043,1259522,18468,8660,15109,396,3541,29796,559921,347051,212870,165706,220601,81378,60446,20821,7093,3876,2.32,71985,306589,285655,194761,82129,19771,13227,283155,1015015,2138,61821,670417,28922,638178,26564,8321,679,3400,326,8022,224,250,5,1671,105,10575,1019,10216,456,631087,26306,16861,48238,58985,13538,86899,26659,11705,41969,60903,188069,58131,30310,28150,98038,157683,26768,11319,38904,25137,17729,66508,77519,9827,60975,35308,44702,406974,88960,83623,89991,869,559921,31711,28699,28483,27249,26382,27308,26099,24487,23373,44303,59609,77015,51186,29769,28469,25779,416131,143790,394525,165396,80313,479608,135899,424022,207581,352340,36030,523891,16729,543192,122846,437075,66600,493321,37037,208246,93459,700430,22635,236980,136373,1091377,5931,11135,2449,5965,1820,12188,107,289,417,2921,6034,21781,3870,16898,133786,1079751,579057,517694,61363,4886,786,2457,25575,5187,39070,617948,24,8283,11236,36966,7503,3807,9414,26567,103829,1216025,487981,927791
24,Maryland,619.7883,9711.135947,364868,370687,377378,228749,538158,827944,769605,835312,803469,530437,262287,109954,3343003,1799094,16762,378126,3034,272137,206692,2205204,1468166,737038,603142,711639,367386,303676,134989,51831,32541,2.67,405463,1018653,1052168,891511,535947,126397,108869,1536208,4268515,9767,295849,3073886,164396,1745476,70596,896527,72265,8171,521,205232,7729,1449,16,141286,7633,75745,5636,302648,15471,1606000,64268,14778,211476,136133,53542,288230,146469,61135,185317,482861,728931,260686,170651,333677,564379,858273,86358,88651,149563,109958,92189,266567,344714,6307,230969,86272,189686,1848053,660672,256266,304137,4758,2205204,102029,60227,64542,64054,67888,73743,70047,72149,69046,143814,194629,291868,240990,178046,232469,279663,1792384,412820,1743349,461855,239268,1965936,512515,1692689,624129,1581075,98537,2106667,48270,2156934,498314,1706890,217729,1987475,159879,1161366,312536,3363377,67576,811700,218229,3053770,232108,1512023,2438,13757,26145,346069,198,2602,38874,228754,21999,179468,75291,518599,186873,2810755,2522751,2251348,271403,264311,2451,9675,70256,25116,151889,2894560,33,49432,48518,103327,20642,9710,51451,82276,359135,5561644,1910211,4410864
25,Massachusetts,878.1682,7800.958287,361016,365889,395657,248698,697610,973485,836367,938102,926640,633197,317216,156676,5348538,522357,14764,452436,2804,286619,223035,2617497,1659300,958197,745793,870717,432963,360150,138974,45782,23118,2.52,441944,1148525,1102149,1151870,656508,145317,135370,1723161,4916178,10252,366720,3612375,183355,2876122,129135,259161,24088,6346,698,239815,11097,1626,51,141056,11842,88249,6444,370976,30105,2673564,113855,14795,205718,317827,78806,370824,140484,82102,265085,506967,1018564,312504,161589,137110,653027,1037432,125804,72594,197175,120316,109156,338740,378441,8257,234169,143420,193844,2393448,436586,311223,465953,5165,2617497,136512,110420,96506,91136,85186,89940,83254,81871,77635,154823,216290,315954,264127,202015,266881,344947,2067093,550404,1999988,617509,295292,2322205,670301,1947196,786774,1830723,157810,2459687,69797,2547700,467651,2149846,247320,2370177,177630,1172988,407251,3786536,96081,974889,427248,4749022,93577,406688,3175,11092,55298,374634,332,2252,66372,211997,34960,178728,192189,590945,325385,4420161,2743119,2478165,264954,377371,2419,30668,174438,34368,182654,3362383,30,31625,27528,103968,30781,15485,17572,76575,184322,6593146,2456992,5029053
26,Michigan,176.0463,56605.93217,571094,591065,623334,392385,973907,1267775,1165370,1317258,1396734,975417,483853,207073,7813755,1374314,53316,311721,3099,117801,291259,3935041,2517441,1417600,1164019,1384570,575764,473763,211817,77879,47229,2.47,626190,1967316,2234804,1207829,575818,120906,80617,2451348,7177665,21797,509699,4654930,293894,3776035,185451,546693,84147,22426,1907,157344,7258,1424,62,54980,4210,96028,10859,219255,16914,3629530,175017,54008,249736,864823,110922,504533,202787,64709,253538,444032,1087572,444918,215874,157478,669177,1036655,169471,77228,282013,170350,121021,451603,522255,26056,343042,437895,348164,3340347,486680,383272,436784,7847,3935041,260286,172478,185162,194498,186969,200004,183705,182263,165181,318032,400856,501245,341670,215251,220864,206577,2923374,1011667,2835518,1099523,355587,3579454,806438,3128603,1365683,2569358,241441,3693600,92166,3842875,932709,3002332,416537,3518504,425886,1711034,836544,5140139,136097,1491928,871590,6791319,381853,941157,11562,39972,39848,263695,902,2086,27482,88450,65290,216422,110005,384836,803348,6531579,4157688,3753960,403728,66359,3643,19189,101651,28253,184753,4376783,25,49724,61841,201781,45056,20932,28065,142127,542855,9313111,3784591,7039992
27,Minnesota,69.86897,79625.87512,351664,363860,364685,215639,500630,756337,697077,708668,746120,490739,252053,115906,4609049,356515,58011,268181,2194,104032,165396,2185603,1401754,783849,623512,779723,305554,278134,124680,45373,28627,2.49,258391,928450,1220892,892893,327716,83373,55185,1395300,3960298,8964,275956,2958615,111115,2527255,78385,158956,15267,21458,3092,138248,6205,1178,58,52446,3413,59074,4695,140514,9107,2449074,73536,61735,178628,396106,83880,324557,136200,49314,211805,292409,750161,242735,128543,102542,502765,717667,110946,38679,152991,95302,80410,287213,328646,21815,215162,203726,203293,2000946,348678,268125,336014,4852,2185603,92223,79830,77384,84403,81125,87824,86393,88229,83583,161934,221706,310757,231051,157848,171252,170061,1752040,433563,1701763,483840,260985,1924618,527272,1658331,635731,1549872,90769,2094834,71680,2113923,402693,1782910,253016,1932587,154826,1118662,311538,3026467,59701,768893,328497,4186514,98277,245738,16949,37252,35815,226667,310,1830,20139,82293,26078,133728,54309,237688,300500,4052369,2507616,2263435,244181,105979,3626,20919,77891,18914,172531,2734945,24,29871,28670,112905,27280,12049,17034,72235,246184,5259270,1805106,4203234
28,Mississippi,63.59901,46925.54009,186647,197397,206208,123241,295255,387644,371300,372814,382890,273673,137262,50087,1743217,1125623,14269,29605,680,30728,40296,1104394,733981,370413,322644,370955,176631,136161,63833,21250,12920,2.62,306105,601355,633057,269736,118193,27801,19423,769205,2106338,8761,161857,1235224,99733,759456,42046,433781,54158,4927,761,13711,787,411,0,12276,580,10662,1401,35230,2447,738939,40478,30604,82001,164953,30746,141215,77109,14942,56874,84234,308618,119594,58266,66068,139153,259021,38202,29829,74072,49021,31611,125386,135377,9084,120605,106517,117346,833144,225109,103641,70990,2340,1104394,108432,73890,73587,66787,62696,59888,53527,52619,47553,84313,101588,127242,75430,43818,40279,32745,797436,306958,768530,335864,93506,1010888,138879,965515,385644,718750,85915,1018479,22580,1081814,224061,880333,117565,986829,201265,500645,327113,1410051,57408,390285,217458,1477785,341979,739020,4618,9170,3821,24842,136,479,7820,20507,9954,29178,21250,64120,205106,1440069,1154861,1041666,113195,4155,1189,1201,16335,16035,29775,1193776,25,22952,23274,51694,9316,3284,18362,36656,358580,2558306,1138913,1749300
29,Missouri,88.80456,68745.45702,371570,380117,392875,237050,573249,813407,738183,769927,821807,577726,304226,124773,5015904,701334,27084,120654,8231,71335,160368,2414521,1544676,869845,712175,862877,354105,284605,128410,45375,26974,2.46,418266,1270622,1248599,745843,340251,74401,52067,1480841,4403430,13663,303627,2916000,139789,2446178,98998,308385,31260,11983,1032,61087,2110,3576,184,31876,1691,52915,4514,113372,5811,2371907,95553,49332,187131,334298,77650,338087,158084,54524,202509,284735,703593,264776,137963,123318,432792,645193,95916,56292,171516,102541,77372,294717,351999,16652,240184,195041,235785,2008270,349686,250090,301718,6236,2414521,150701,112047,120062,124807,119356,126801,117193,115912,105656,196616,249816,307416,204926,124348,122841,116023,1835978,578543,1774372,640149,247746,2166775,479240,1935281,800304,1614217,131828,2282693,43475,2371046,511112,1903409,259372,2155149,252071,1099277,474886,3126930,83088,886318,569988,4308516,165414,502966,5751,20118,16628,100731,2082,5687,18942,50654,31240,123853,54628,192675,536823,4180794,2614261,2364888,249373,41159,3052,5922,55968,21884,142793,2742246,24,45224,46865,142299,29805,12060,31878,93648,559885,5430752,1908817,4243951
30,Montana,7.218588,145547.7169,61035,63216,65938,38197,98968,133404,124415,122913,151852,114629,55022,21060,930204,5303,66839,8259,807,7076,32161,427871,263548,164323,130828,165446,56139,44433,18608,7175,5242,2.39,46650,208541,236435,155230,52801,14133,9505,238987,776106,2827,48935,512329,21513,465908,16785,2772,196,22340,3382,4846,134,434,25,3418,105,12611,886,17823,930,454228,16298,33427,42152,24428,11772,60883,26466,8463,28384,43992,119795,57853,24334,30380,81445,109708,16332,9947,34630,21275,15021,50631,55946,8592,53673,20357,34772,299610,86764,74648,49469,1838,427871,25711,21685,20441,23007,21875,22999,20764,20493,18553,35979,45283,54903,36341,21169,20636,18032,326805,101066,309689,118182,64681,363190,118505,309366,144987,282884,17256,410615,9596,418275,87719,340152,52491,375380,35091,187642,83700,532805,15814,170169,105206,804732,785,4041,20481,43126,1061,6895,33,752,1147,5636,5892,25434,6968,31872,101180,783987,431019,382930,48089,4110,839,6291,25527,4136,32750,471922,18,11718,10197,30284,5597,2208,7311,18035,93166,942477,390256,701702
31,Nebraska,24.92396,76816.4932,131473,132240,133061,77333,189438,255097,236450,223709,241701,165539,87073,41457,1666871,92406,17673,45655,1327,40253,50386,759176,483908,275268,223276,267189,102147,90136,47025,18805,10598,2.45,107535,326594,417672,262614,96921,22846,16844,506713,1330033,2841,101350,999212,34535,888202,26161,42696,3688,6467,974,23456,1187,589,44,20314,1180,17488,1301,93059,5854,819327,21729,43391,70129,102303,27429,112221,58257,18402,75245,87511,243998,76154,43870,40302,159194,218658,31409,16592,51968,33772,29367,97369,117459,13931,86328,68020,75145,664492,137206,100115,95406,1993,759176,39144,30047,32220,34738,33673,36935,35807,34505,32680,61558,82149,107505,73478,44145,43022,37570,616483,142693,595477,163699,101105,658071,167070,592106,220419,538757,29396,729780,12983,746193,120677,638499,90419,668757,64599,399945,120258,992731,21722,260436,155056,1467475,21924,65846,4679,12195,7633,36457,319,898,7753,30998,9215,39243,41069,161138,124388,1347474,897842,809769,88073,7416,1104,3841,25836,6777,44857,942816,19,14572,15045,38305,9717,3961,12034,23832,153837,1731013,522871,1433665
32,Nevada,27.056,109860.3783,183534,188742,195176,113590,246645,433665,395431,390766,367652,283634,133009,40538,1949707,271005,38026,242267,20022,304947,146408,1098602,698051,400551,313247,372408,165419,132051,68783,28335,18359,2.67,272132,574254,692618,330222,122034,33877,19558,699523,2167117,7441,132718,1406568,92426,928754,55123,116393,13374,16973,1897,127856,6405,9524,788,154255,9819,52813,5020,403190,26039,703435,40955,21066,97988,64737,28879,163565,83731,21414,78121,156878,225489,340877,65091,58732,177484,238797,32951,42325,136738,80262,73339,161639,166180,3268,123639,51337,118609,1070993,164246,119465,49886,1978,1098602,65910,40762,45600,50742,49458,53846,52379,51123,47287,88952,116859,150094,102076,61233,63444,58837,854120,244482,823527,275075,103608,994994,180717,917885,331426,767176,44944,1053658,31657,1066945,219021,879581,111062,987540,121930,547349,222332,1585442,40428,412401,212434,1713200,60361,201776,8750,28332,21679,219204,3272,16380,56565,244026,21629,122274,143547,698270,136336,1308458,1228778,1083498,145280,45712,4089,4698,25149,20417,59500,1328843,25,26979,27493,69081,11608,4153,20505,47948,327013,2609462,999232,1919628
33,New Hampshire,150.5712,8953.400112,63843,70144,76783,49194,127823,165193,154702,195642,209005,141456,65119,29220,1252128,21546,2036,36180,443,7510,28281,532037,349667,182370,140119,203470,82817,68250,24661,8076,4644,2.46,66206,263321,275073,218013,104407,19451,13866,306551,1004308,1802,69665,729701,27430,683736,24682,10366,911,1214,32,19662,682,218,33,3924,373,10581,717,23994,1693,665826,23585,5504,49625,92548,19290,89698,27974,14937,45841,80967,180605,62668,31355,28689,120355,180658,21803,11971,40531,24309,18693,78694,80451,2736,59373,45749,44378,481692,95178,69237,82710,884,532037,20057,15842,18218,19238,18967,21094,18255,19242,18579,37813,52853,74918,59506,39880,48523,49052,424525,107512,408807,123230,65901,466136,134259,397778,178655,353382,24888,507149,12870,519167,111483,420554,53715,478322,23451,231094,62221,760564,13010,214673,87500,1127631,3840,15533,215,1720,3158,31515,80,335,817,6357,3072,23240,7849,39960,81748,1097913,632521,576161,56360,6735,936,1814,19104,6051,47427,667161,28,8608,11963,32829,6958,3075,7631,25034,79069,1252217,415056,1020752
34,New Jersey,1207.171,7354.802188,519524,536364,560056,345577,770603,1138260,1137328,1259591,1200915,793910,418829,197546,6018074,1194882,19711,840168,3458,558665,243545,3231874,2228108,1003766,839453,1005058,562839,497790,210960,71892,43882,2.69,625931,1670942,1408555,1489653,690446,161719,99133,2206536,6366859,10795,435398,4422491,258093,3054908,151042,557006,60777,8713,809,434657,18883,1659,119,275833,18479,89715,7984,873541,53496,2514226,121228,14933,262803,360551,147261,481529,270949,119077,375112,596872,1056207,358882,191334,186981,797449,1108178,126346,107862,199376,149166,129290,460830,520782,8283,309226,170037,335666,3146493,591703,374708,303166,6421,3231874,159611,102172,112502,116888,107536,114092,105199,102014,95643,197809,274061,392216,327452,243646,327756,453277,2575420,656454,2507416,724458,303856,2928018,788184,2443690,1007106,2224768,143443,3088431,61762,3170112,633751,2598123,299776,2932098,272194,1666268,482684,4913906,114203,1256947,461028,5457310,199000,949640,3298,15994,55600,769540,837,2474,117890,434357,31428,207806,315902,1451102,285686,4548973,3433099,3086231,346868,521588,2085,11738,122948,49269,196157,4140727,32,28824,27139,113494,35563,17425,17638,81908,683679,8090314,2739911,6342042
35,New Mexico,17.2485,121312.24,126150,135387,143480,83459,200607,281603,249432,246287,273362,210124,103637,38926,1565366,44120,199845,32577,1644,180638,68264,780249,493262,286987,240109,269954,113253,85313,42659,17937,11024,2.63,202250,371338,446264,215662,117424,24942,25491,532619,1485280,7628,105946,888646,63458,680002,42696,18517,1468,71435,11329,16338,814,745,29,78829,5052,22780,2070,426211,31356,350433,18364,36093,62517,35672,16591,101110,37662,13402,41891,103756,225962,100210,46731,67049,116819,207100,39264,25189,57670,37651,24115,89866,106202,7268,89083,30319,58100,537166,197507,85562,66812,1599,780249,67214,43808,45991,46498,42069,42060,36087,34941,33085,61907,74123,89860,60219,35207,35515,31665,569180,211069,541327,238922,76436,703813,139868,640381,268003,512246,50205,730044,24884,755365,169921,610328,85647,694602,128431,352116,221912,999983,41722,305822,257119,1280105,9946,31097,63726,132430,2971,29003,272,1329,44918,130580,13113,53377,225824,774086,89624,679028,801030,712638,88392,9933,1869,5421,18059,7110,43458,843422,22,17562,17604,50979,8877,3775,15758,30422,197607,1859479,994103,1130805
36,New York,415.3386,47123.77159,1154201,1103412,1148393,702493,1831883,2865950,2433007,2613081,2573593,1770421,934343,441542,12459687,3065471,79512,1647606,8821,1694965,616257,7343234,4632289,2710945,2195836,2292907,1172467,955850,431972,168381,125821,2.59,1796594,3541274,3308262,2799878,1575714,400322,209893,4723073,14170285,32955,947768,9498320,547509,6249346,282585,1361456,136820,33160,3848,831717,39435,4441,401,781431,63316,236769,21104,1685886,129661,5523933,236302,53372,541651,566656,220936,966016,525735,274830,761307,1141312,2645882,900367,462355,437901,1501757,2435823,422333,270433,512543,374859,320192,934646,1097576,23055,654930,331107,619066,6117377,1464685,902262,1000340,13656,7343234,482798,353153,316815,304302,286302,293444,265785,269209,241128,485128,631347,879510,672336,478047,595454,788476,5669417,1673817,5472918,1870316,765519,6577715,1576000,5767234,2296242,5046992,465967,6877267,248401,7094833,1452342,5890892,610002,6733232,791913,3239466,1538655,10441347,350709,2701090,1268529,10884544,621618,2330299,17858,59072,241278,1370433,1893,6431,417017,1245968,113084,485156,808858,2826899,988013,9627268,5532391,4931345,601046,2660632,6857,65888,570614,57271,406662,8893653,34,75054,67214,239288,71456,36341,36654,179917,1117159,18216740,7573943,12994267
37,North Carolina,211.1234,48620.27664,605125,630547,663079,397863,984403,1362577,1298033,1376281,1318955,976794,476222,174997,7049919,2200761,123952,292992,7213,316763,273276,3965482,2595395,1370087,1130950,1407556,630579,486330,204703,70075,35289,2.52,853396,1791532,2156078,1395214,569334,121889,96416,2518907,7385830,22834,529167,4764135,281344,3350447,155054,983350,98392,47703,4267,147476,6039,3222,290,144823,8979,87114,8323,410523,25114,3108336,141039,60469,334847,588544,119312,548478,222911,80477,308904,518609,1089814,457584,235036,199150,736868,1072178,144045,90963,275435,179337,124406,509521,493495,28580,415929,339352,354026,3309657,666896,446375,332572,8635,3965482,254358,199334,202696,204104,201828,206903,193189,190041,168064,321648,391986,492974,323296,196893,203651,214517,3032117,933365,2926093,1039389,394864,3570618,745698,3219784,1284865,2680617,194574,3770908,63625,3901857,824348,3141134,399695,3565787,478877,1782521,843693,5292085,145021,1442694,790244,6091348,475973,1640796,29981,90347,30707,255079,1360,5270,84699,226507,54627,207953,248474,691821,644440,5675897,4286794,3850705,436089,53625,5656,9292,85749,41478,276146,4482594,25,90397,90364,204690,36721,14150,75644,147618,1076994,8983255,3469932,6781282
38,North Dakota,10.96774,68994.77331,53215,50665,46028,25836,85905,115479,88146,83510,95050,61239,33629,18015,655136,21985,40006,11006,863,8109,19612,318322,189400,128922,100929,116934,41349,33414,16947,5623,3126,2.3,36394,130842,179075,107938,28430,7002,5387,184783,539353,1829,36958,402322,11406,358171,8074,11230,883,13781,1787,6549,88,407,78,4402,207,7782,289,13242,603,350587,7793,37338,29742,27405,14930,45741,21731,4751,23000,26736,102143,32043,17461,19301,66002,84017,15285,6471,21335,13441,12355,36915,44266,6516,42711,20644,32364,250308,63472,43868,43468,1206,318322,18029,12816,13010,12726,13238,14194,12857,13088,12703,25049,31893,45640,32611,21804,20038,18626,261800,56522,251100,67222,46912,271410,76630,241692,83044,235278,9245,309077,6130,312192,43792,274530,33647,284675,19680,152998,48833,404058,9685,97072,53417,581253,5379,15562,12405,26076,2014,8655,429,427,1212,6458,3342,15697,4781,22249,50968,568452,363125,327871,35254,2421,415,1215,13610,2596,17751,383382,17,7670,5802,14818,3047,1385,4268,9077,54427,685779,190704,592173
39,Ohio,285.2607,40858.76033,694711,705313,747075,457911,1074610,1521875,1391747,1514333,1606528,1116639,573852,250803,9476047,1446193,22816,258199,3880,112836,335426,4676358,2953180,1723178,1425757,1634178,691988,543919,244642,86124,49750,2.43,767378,2634997,2318076,1401609,628895,135452,89370,2819381,8425662,25399,591858,5595444,314483,4686190,212105,608926,79261,9404,1272,131764,5028,1793,187,51930,4202,105437,12428,189045,14851,4565326,203868,55424,300741,856557,147060,638630,289114,87583,359661,540325,1350405,511118,247660,211166,826222,1244032,189749,103076,335819,196123,135744,541705,655541,17720,399479,471977,478257,3954984,672762,425816,533390,8492,4676358,317484,213701,227218,234612,221993,238564,213763,215097,197049,375725,478901,606166,405614,252538,248669,229264,3547553,1128805,3441350,1235008,430124,4246234,924355,3752003,1493724,3182634,282022,4394336,134085,4542273,1055876,3620482,494549,4181809,509359,2048546,927049,5973692,151935,1720449,1025444,8212366,410205,973316,5559,16429,33065,217550,1222,2492,28628,81587,84220,238947,106311,323820,963541,8003234,4981701,4551587,430114,92948,4247,15985,122768,39322,231805,5256971,24,74087,86531,246484,51849,25458,44138,180740,702499,10780020,4268309,7972137
40,Oklahoma,57.33385,68595.94442,261316,265518,272038,158092,383818,543411,486507,468816,489960,350581,183161,69652,2844070,286356,299621,85239,6260,106709,304615,1480061,975594,504467,418136,516106,223327,180844,88507,34469,18672,2.58,310453,812102,808024,436601,161168,37944,25796,1002998,2775255,11206,199329,1772123,94834,1322967,59739,120991,12738,123043,9959,43203,1480,3128,238,50119,2501,108672,8179,175215,9807,1210782,53693,82013,126029,168207,44602,205201,95177,29207,97129,152395,397126,172799,92823,109415,249996,365908,52669,37301,104758,67214,48448,179578,213111,11430,187981,117103,136626,1176324,295399,176775,119485,4140,1480061,101679,76040,78425,79631,78012,78656,73603,72019,63757,120930,153401,184335,119057,68948,67706,63862,1130849,349212,1084458,395603,162102,1317959,271016,1209045,472272,1007789,82084,1397977,42013,1438048,275914,1204147,189387,1290674,202011,736988,344573,1948774,51789,533233,363122,2406427,73918,195172,60152,230768,12708,69963,1513,4456,26755,77045,60205,235164,96092,309441,306725,2207492,1624807,1451796,173011,8597,2944,4393,30421,16237,73096,1687399,22,38410,34021,91742,16850,6492,29456,53804,541405,3309818,1317434,2477793
41,Oregon,43.02415,95988.00649,230557,242883,246480,148023,362910,584228,547549,513855,543763,430727,195978,82850,3480920,78679,48060,180580,16625,126587,198352,1611982,1016766,595216,443895,599078,236608,195113,82524,34239,20525,2.51,269250,659085,994695,603359,259292,64154,49115,954416,3041679,8267,188894,1979043,114559,1677401,92502,36789,3658,19970,2601,94773,4406,9126,308,65981,4094,75003,6990,249542,16262,1515166,82473,62601,122497,224214,54366,230514,87714,34458,108909,221247,456245,193971,92140,90167,311531,468497,81140,31657,122535,69207,51537,190241,225291,34714,141864,111018,139811,1293478,269985,223063,188538,3979,1611982,90670,65020,69094,70998,73633,74974,70193,68572,63814,125521,166880,216747,149682,97590,104311,104283,1222338,389644,1170821,441161,209075,1402907,395928,1216054,536755,1075227,78313,1533669,56819,1555163,340055,1271927,203541,1408441,140765,709687,337641,2164993,55121,643812,420409,3001309,19729,55314,10281,35694,24126,153286,3405,12795,21331,102594,34246,157500,105720,420533,346959,2725800,1582557,1392061,190496,89628,4222,41037,71950,15482,136079,1804876,24,30222,32155,105411,20375,9836,19587,65459,275522,3813999,1606116,2780897
42,Pennsylvania,285.8973,44741.69776,706563,723668,761572,470588,1174907,1680907,1493904,1692870,1804831,1276690,680162,324868,10300602,1430664,24691,436324,4198,275177,319874,5053106,3236352,1816754,1500097,1769499,769664,613874,257359,88682,53931,2.45,848910,3106571,2184466,1701365,794850,183587,134483,2950731,9425151,27284,636082,6199456,347378,5159081,237602,589424,73777,9938,1198,217695,11143,2059,75,117501,12374,103758,11209,383956,38832,4939763,217078,82623,361818,730630,167681,691269,350269,101804,399536,652444,1607533,515640,290560,247649,937981,1470497,229878,125065,343321,210521,166495,592536,722170,26828,476596,382821,514747,4315806,645502,492454,735762,9932,5053106,305824,216116,234311,233170,228953,235595,213985,209590,198777,388041,501046,662467,465150,301776,323095,335210,3811622,1241484,3698247,1354859,463971,4589135,1186639,3866467,1776191,3276915,292568,4760538,159879,4893227,1130486,3922620,510705,4542401,458890,2154856,900882,6663422,179411,2022823,972867,9038215,350457,999267,5730,17601,58438,362472,983,3030,83498,182784,67210,237732,253077,648035,843281,8662018,5131491,4617285,514206,348949,5453,29554,221728,46182,297720,5783357,27,69611,78746,268360,69149,33158,46603,193847,715285,11872063,4569485,9187926
44,Rhode Island,1022.567,1033.899437,54672,55977,59233,37462,112687,145217,123357,143093,147644,100027,51643,26219,850597,71561,5277,35958,810,57807,35221,410489,254889,155600,127236,136938,65465,51372,20531,5704,3243,2.47,82467,208387,194228,150150,72817,16444,12707,257417,767640,1801,59877,533878,30455,441370,21557,32714,3506,2403,445,17775,967,492,0,26570,2384,12554,1596,71547,6764,402421,18334,2397,29358,57803,12688,62821,21433,8360,36509,54829,146688,55466,24034,21492,79045,133959,21570,11351,33329,19381,15457,53348,63291,1277,37111,31174,33585,363245,67912,42704,59405,612,410489,25674,20806,17861,17222,16181,16473,15456,16298,13051,27515,38787,54585,41620,27943,31909,29108,311883,98606,302742,107747,37719,372770,93760,316729,134053,276436,29413,381076,16482,394007,79960,330529,44348,366141,34766,169279,74493,566974,16567,154427,82118,737287,15015,53113,1243,3814,5292,28287,110,677,14597,41655,7451,25847,40095,118531,61266,671086,464138,419037,45101,13911,337,1400,17830,3581,21196,501197,25,5743,4942,19490,5149,2377,3682,12738,46738,994837,385804,743532
45,South Carolina,167.0055,30063.71338,290931,307494,315581,188496,471333,659234,609448,646916,667815,530935,247225,85398,3372011,1344139,17645,78805,4002,88274,115930,1921862,1261631,660231,554466,696287,302700,222416,96207,32952,16834,2.54,430491,1003177,1044024,614156,263830,52935,38358,1192839,3656115,10622,256038,2275531,139526,1573063,73979,578689,57998,7118,554,39725,1545,1687,130,40548,2058,34701,3262,123659,6348,1496304,70254,21880,155284,310780,54613,271168,116010,36651,131913,232631,494977,231565,117388,100671,314728,479245,61672,47387,137607,97474,58859,248779,258043,9545,200258,189180,172754,1594070,334999,200448,141534,4480,1921862,143083,97388,98220,101830,99103,102683,91602,89060,83794,154988,194827,239986,153293,91323,91944,88738,1427526,494336,1377544,544318,174340,1747522,331874,1589988,681073,1240789,98196,1823666,26141,1895721,427763,1494099,210137,1711725,240953,842001,420869,2528234,79828,765999,358309,2931160,317757,977142,3873,13386,10237,66190,839,2806,26166,60213,24469,85337,72123,203158,319137,2801419,2073458,1865513,207945,14767,2581,5085,46001,21393,101035,2163285,25,45095,50733,122409,18404,6998,42950,78550,515322,4407940,1821303,3272656
46,South Dakota,11.48452,75809.6949,60399,60537,59382,33790,84137,114371,101565,99049,115874,80657,40794,20083,733719,17531,76190,12627,504,7230,22837,344397,218407,125990,103261,127055,43827,38910,19560,6976,4808,2.43,47241,173079,186993,113870,35812,9183,6215,215557,619296,2229,44051,443891,15736,396501,9649,8337,333,20522,4756,6837,288,218,0,3639,62,7837,648,14202,1116,387427,8772,28339,31530,45337,12717,49838,19657,6723,32063,28736,107790,40830,19614,20717,71145,90005,13847,7362,25700,17089,13333,43451,52580,7674,39742,30723,31240,273184,66559,54118,48420,1610,344397,18584,15460,14718,16177,16346,18905,16409,15812,14626,30007,36728,50311,31782,17871,16078,14583,276043,68354,263632,80765,54222,290175,81609,262788,104457,239940,13656,330741,7092,337305,59300,285097,41977,302420,36283,172882,62574,434388,11696,123384,62706,648724,3736,12608,35329,36661,2320,9942,93,370,1217,5735,5152,16614,6374,25017,59409,632727,390167,353319,36848,2687,721,1572,14576,2824,25750,412547,17,7345,6199,19756,4615,1636,6083,11916,80727,772529,262680,619525
47,Tennessee,162.6985,41237.96629,406438,409742,431071,257669,617043,911745,838241,886806,875477,643414,317040,114670,5205132,1124473,18189,117600,3771,92655,147536,2597292,1708970,888322,734135,927042,415590,309726,135066,48737,26996,2.52,575128,1472003,1286117,789448,327379,79363,57955,1568653,4900805,10277,331232,3109872,172799,2445794,114139,505595,49442,8108,441,61139,2065,1629,331,40751,2394,46856,3987,157372,7816,2334889,109065,30413,201677,405457,79884,365401,205141,51593,180763,308484,698558,304009,150297,128195,434351,664768,86341,65789,183474,114998,75472,323560,365179,12248,261094,251963,270635,2179568,413029,281302,230592,5381,2597292,179239,134319,137838,137358,133534,137019,127297,126305,110210,212597,263309,321199,208483,122774,121558,124253,1963904,633388,1879666,717626,282729,2314563,453260,2144032,870352,1726940,149121,2448171,52773,2544519,527615,2069677,275981,2321311,323913,1154763,574744,3442602,98273,948497,654501,4436199,266778,815054,3660,13902,11788,103206,980,2565,26441,64434,32782,110502,93353,263299,592539,4249752,2821725,2548060,273665,23353,2721,3788,40304,29676,145206,2921567,25,53382,56709,145999,25260,9492,42479,97953,639556,5962705,2405627,4386203
48,Texas,108.1701,261263.0554,1999803,2024009,2090590,1224043,2790857,4154182,3823085,3526243,3165517,2081849,1004810,375868,20903375,3428211,141425,1357273,25292,1643869,761411,9691647,6712183,2979464,2444942,3038742,1597938,1411511,731083,290478,176953,2.85,2957959,4525099,5227820,3534714,1380140,297995,207827,7681758,19402833,68967,1538461,13253631,708827,9836071,479447,1588048,134997,66664,4788,688235,28718,11904,757,789161,41204,273548,18916,4922786,278641,5858842,253329,397032,1137958,1125176,378542,1507002,777044,227928,884408,1524750,2863828,1216771,684780,528412,2031329,2836163,397243,284337,751940,519710,335596,1437833,1499555,56824,1376565,683993,1042543,9490816,1725130,1276944,735273,25468,9691647,593067,388668,416958,444526,440707,456316,420686,416290,376543,761936,944554,1212675,875978,578591,645429,718723,7988645,1703002,7654985,2036662,1138777,8552870,1600396,8091251,2477662,7213985,455156,9236491,139144,9552503,1509995,8181652,1013258,8678389,1516985,5735949,2195813,14811754,359396,3017961,2825719,17666122,635355,2651994,23548,114013,136228,1204521,4602,19867,339544,1275841,107198,633306,2262560,8656955,980016,10622290,11868705,10560476,1308229,192240,18127,31812,200955,142460,661212,12454299,27,245864,218302,433500,71241,30082,172393,282068,4791164,23001793,7966660,17397969
49,Utah,37.59365,82376.88166,250885,261845,260447,150406,349213,456750,422088,316980,294285,200001,98253,35695,2676482,36849,33721,71977,27554,156229,94036,977313,729183,248130,189165,305407,150844,141851,92853,58354,38839,3.12,140800,416545,646202,410803,150432,33101,26169,984917,1963101,7484,185130,1497354,55539,1301267,45058,16360,1117,13660,1347,39870,1455,13661,833,77422,3512,35114,2217,204098,8841,1184143,40599,25694,107416,154154,37266,173869,73253,31724,103881,186638,331352,136012,65812,70283,237903,345144,36516,23890,75250,52656,39761,153998,202350,5066,127376,94199,103245,1035594,215157,137568,106535,2500,977313,37711,28425,29712,32446,37272,37878,38222,41135,39128,78529,111720,151716,110531,69943,70314,62631,821963,155350,802757,174556,125780,851533,202615,774698,238640,738673,36053,941260,14671,962642,168967,808346,99503,877810,99579,812715,177835,1628885,21123,308734,227777,2409938,9665,25841,8890,23943,9348,61157,2903,24230,28805,124411,11149,80814,71929,355239,189107,2201775,1284646,1124679,159967,36802,4435,10604,36356,9512,97114,1382355,22,18040,13994,39015,8982,4424,13129,22863,289012,2781865,648505,2409755
50,Vermont,67.72849,9217.879582,29568,32060,33496,21530,67199,73033,70156,83736,96271,70829,32375,14060,587883,8502,2132,10461,325,2410,12600,260029,156384,103645,79546,100763,36231,28893,9797,2929,1870,2.3,32276,126832,113869,99016,48734,11481,8252,145649,461256,1270,34296,329028,12323,311769,11471,4445,206,930,43,5909,193,144,0,1172,136,4659,274,6116,352,307506,11227,8385,23348,33894,6796,38668,10207,5866,15088,29710,94090,33082,14156,15738,51239,87008,10456,4381,19726,13553,8854,30235,34729,3876,28157,19863,16951,188882,45695,42785,50839,827,260029,12556,13033,11512,12240,11354,12304,11092,10543,10131,21210,27288,36356,25371,16153,14643,14243,200283,59746,189678,70351,40155,219874,74099,185930,91817,168212,15081,244948,8592,251437,51808,208221,26962,233067,14835,99247,42153,329519,8664,105200,59586,506564,1961,5596,367,1704,1410,8093,19,298,226,1904,2083,9807,1789,8899,58219,500277,272470,244478,27992,4429,322,2492,17977,2579,21920,300269,23,2940,3462,13772,2954,1473,2750,9637,24644,593622,259580,425129
51,Virginia,214.1338,39482.15319,508399,515885,525704,315711,811878,1174091,1100460,1139236,1091153,756712,368997,146237,5717617,1621592,23873,541133,6179,223794,320275,3151045,2091934,1059111,855266,1075682,515978,424214,177662,65353,36890,2.61,595348,1383769,1557409,1272608,711810,147534,108408,2126976,6026869,10388,435459,4156018,200850,2842290,114411,773483,60737,11535,765,293206,10128,2787,205,116440,6224,116277,8380,391878,19537,2599936,102689,36718,276173,293081,72962,430194,183461,79553,259961,643168,923569,371383,219732,366063,758766,1084861,107905,107142,215975,140794,119828,392753,444723,14761,327085,175902,265523,2635412,829411,344856,339145,7194,3151045,159169,107624,110716,114890,114422,119560,114732,119653,112034,220756,295904,410998,313021,221282,272829,343455,2518420,632625,2449386,701659,323620,2827425,748396,2402649,934448,2216597,135855,3015190,59002,3092043,730432,2420613,355771,2795274,255807,1580657,516933,4602931,92951,1152329,475794,5089824,272438,1275781,2942,19749,38844,492760,432,5227,35985,182318,39256,270258,107325,661156,415028,4674630,3614443,3230271,384172,194554,5926,16685,102121,42741,221092,3976470,29,108290,101664,169409,28664,12541,134326,122639,707960,7526363,2321833,6260278
53,Washington,111.4152,66455.11503,454364,465038,453597,270547,658937,1116817,977689,938794,950651,679924,309016,128733,5581128,281683,94449,631333,49090,333038,433386,2848396,1841954,1006442,759370,1014083,439707,368509,159250,65112,42365,2.55,442449,1122330,1699233,1144545,497712,113613,81742,1750198,5388230,14668,341985,3594279,187330,2736300,133098,135549,11510,36519,4286,340865,13959,23870,1758,160123,10186,161053,12533,413372,27231,2516565,118874,91710,244414,354399,99426,415696,193233,78252,190290,475805,774361,330467,165351,180875,607327,893873,124701,63918,197449,117859,99885,332961,377572,58514,287321,173598,259301,2381746,561645,349445,294774,6669,2848396,136214,91269,93927,102569,100250,108097,106623,111405,104344,210029,280320,390278,294964,208533,238716,270858,2247059,601337,2175542,672854,325272,2523124,723152,2125244,834187,2014209,132736,2715660,85956,2762440,582478,2265918,343515,2504881,219274,1397750,483251,4068853,82719,1014963,523438,4963626,55397,215888,20275,70547,58017,563367,7346,40639,66048,260989,54723,366510,169168,750348,436470,4552995,2910667,2555264,355403,239511,10182,30253,130437,28158,219000,3349208,28,72301,67530,173229,28161,13573,63608,111382,457854,6835242,2572354,5206153
54,West Virginia,75.59151,24041.12792,97540,101143,106153,64602,160440,214116,220301,238533,262363,208258,103186,40670,1691600,66990,3667,14523,419,7971,32135,732585,473856,258729,217699,272006,113185,80167,32804,10789,5935,2.42,168624,519091,334314,159196,77953,16224,12025,387707,1372212,3251,84928,740910,51910,694567,47188,26282,3082,1314,134,7638,289,110,92,3043,177,7956,948,11369,544,686635,46772,28305,47793,58640,15663,92218,40938,10364,30404,58315,205020,69794,32663,50793,84699,165595,32959,17774,44136,30314,18653,75799,86364,2966,78578,42348,60725,494331,140339,48475,56744,1021,732585,63493,44243,47992,44678,42202,40111,36953,35735,32355,59548,70307,83303,52839,30383,26362,22081,492831,239754,478830,253755,48727,683858,118895,613690,303967,428618,57747,674838,19342,713243,187989,544596,92561,640024,85658,274534,191755,870475,32631,310662,279725,1370879,17294,41888,560,2890,2383,11789,3,400,2298,5051,7781,22774,5616,20478,275662,1356129,664452,599371,65081,6793,420,941,20478,7049,26381,700133,26,12010,15719,48613,9986,3687,9785,30736,108019,1680456,839518,1128973
55,Wisconsin,106.904,54167.43765,333184,354128,369044,224547,554108,731484,699809,757597,813244,550150,277926,125495,4946961,371200,51392,161841,2400,118350,138572,2358156,1482213,875943,696118,874833,323537,277162,121627,41655,23224,2.39,308216,1211981,1244179,780824,294273,68736,47496,1411273,4182663,10677,294432,2982359,111564,2627603,82647,146729,16302,22194,2250,83149,3106,1215,55,56399,3131,45070,4073,175863,9925,2518291,76892,66179,172389,543309,79069,329313,135231,47499,181084,250422,698568,252805,124066,102425,442389,648374,109981,46961,165406,97854,71640,273824,343288,27666,227827,292936,234213,2100537,360909,242143,272677,6093,2358156,110159,102178,102655,108672,107158,113412,105811,108673,98436,189621,254669,334145,230986,141247,135047,115287,1832473,525683,1781656,576500,233622,2124534,578717,1779439,751450,1606706,111001,2247155,44838,2313318,481682,1876474,247999,2110157,186885,1070600,382290,3075742,69985,856851,436734,4396061,110070,241449,12758,36166,24494,133500,602,1692,27421,88753,27081,105572,81792,302395,391517,4206563,2616747,2384392,232355,53539,4670,19615,88222,18258,138067,2801051,22,33210,33802,118487,27510,12201,20769,85361,310259,5408692,1871595,4297070
56,Wyoming,5.984465,97088.70642,36541,39162,38772,21896,54137,79874,71806,67571,79803,55440,26118,9904,531304,5582,14164,5025,596,8832,15521,230101,148652,81449,64997,87757,30255,26751,12477,4775,3089,2.46,26688,113535,143438,68269,28366,5748,4472,144936,414838,1190,28264,288503,13544,267324,11621,2643,259,5296,759,2687,79,357,49,4224,337,5972,440,25712,1604,248079,10527,31842,23531,11833,5536,31619,17795,4397,11760,19641,70043,30434,13195,16877,37809,61222,8316,5140,17652,12142,7378,25324,30926,3846,40994,13585,24169,174833,58801,33325,20699,845,230101,11381,9004,9665,9967,10339,10268,9746,9655,9640,17774,24152,34543,23729,15946,13674,10618,183754,46347,176990,53111,29144,200957,57497,172604,70706,159395,7832,222269,3620,226481,46104,183997,29284,200817,16857,116896,38300,305817,7100,81948,54319,464965,786,4337,3210,10262,630,4212,49,522,1138,7380,2125,12983,10692,44970,46049,431538,249450,220286,29164,3938,473,2397,10754,2218,15345,269230,18,6306,5299,15657,2625,734,4899,9479,65354,505667,157974,420361
72,Puerto Rico,969.1089,3424.225212,143623,175207,199508,130008,324142,413196,412531,436270,430226,362515,212217,79004,2188014,386676,6838,6237,269,554764,175649,1192654,809328,383326,335145,388488,233461,159776,55179,14118,6487,2.75,550182,655680,533214,433178,119364,28049,26292,800195,2438548,6286,174216,1028513,196934,673456,116930,123894,25502,2315,644,2275,418,52,65,166824,45020,59697,8355,1012559,194938,11653,1348,13936,56014,91663,28158,138481,38603,17199,55670,103336,239446,102063,55059,88885,122943,213274,22091,52779,59572,55745,22456,127935,141085,8638,85069,59122,57804,636722,219093,126992,44132,1574,1192654,322645,140202,122788,95029,79878,65747,56178,46732,38794,61740,57871,49486,22295,11451,10693,11125,653982,538672,600839,591815,102585,1090069,50630,1142024,536261,656393,5527,1187127,94111,1098543,198183,994471,147156,1045498,367661,276635,827692,1171104,253738,392692,906541,1262695,176342,207350,3024,3798,2852,3287,226,43,284826,264815,75280,98443,1433527,1814087,11371,20037,917551,837389,80162,17783,747,1981,27733,14340,23463,980135,29,8265,6118,24811,13224,1457,5270,17071,215827,3077699,2028478,1276820
